{"cameraMode":{"drawMode":0,"name":"Shaded","section":"Shading Mode"},"sceneLighting":true,"audioPlay":false,"sceneViewState":{"showFog":true,"showMaterialUpdate":false,"showSkybox":true,"showFlares":true,"showImageEffects":true,"showParticleSystems":true},"in2DMode":false,"pivot":{"x":671.2597045898438,"y":3.8392136096954347,"z":638.3931884765625},"rotation":{"x":0.11122199147939682,"y":0.5254553556442261,"z":-0.06915665417909622,"w":0.8408551216125488},"size":1.604211449623108,"orthographic":false}