{"cameraMode":{"drawMode":0,"name":"Shaded","section":"Shading Mode"},"sceneLighting":true,"audioPlay":false,"sceneViewState":{"showFog":true,"showMaterialUpdate":false,"showSkybox":false,"showFlares":true,"showImageEffects":true,"showParticleSystems":true},"in2DMode":false,"pivot":{"x":14.553576469421387,"y":2.0473594665527345,"z":-3.8589658737182619},"rotation":{"x":-0.0018431091448292137,"y":0.849281370639801,"z":0.0031816186383366586,"w":0.5280328989028931},"size":15.66170597076416,"orthographic":false}