{"cameraMode":{"drawMode":0,"name":"Shaded","section":"Shading Mode"},"sceneLighting":true,"audioPlay":false,"sceneViewState":{"showFog":true,"showMaterialUpdate":false,"showSkybox":true,"showFlares":true,"showImageEffects":true,"showParticleSystems":true},"in2DMode":false,"pivot":{"x":665.3355102539063,"y":5.479194641113281,"z":665.2992553710938},"rotation":{"x":0.030312731862068178,"y":-0.5503493547439575,"z":0.019975028932094575,"w":0.834181010723114},"size":39.91327667236328,"orthographic":false}