{"cameraMode":{"drawMode":0,"name":"Shaded","section":"Shading Mode"},"sceneLighting":true,"audioPlay":false,"sceneViewState":{"showFog":true,"showMaterialUpdate":false,"showSkybox":true,"showFlares":true,"showImageEffects":true,"showParticleSystems":true},"in2DMode":false,"pivot":{"x":623.9716796875,"y":-30.32509994506836,"z":681.9266357421875},"rotation":{"x":0.2049400806427002,"y":-0.40105196833610537,"z":0.09256496280431748,"w":0.8880510926246643},"size":77.11515045166016,"orthographic":false}