{"cameraMode":{"drawMode":0,"name":"Shaded","section":"Shading Mode"},"sceneLighting":true,"audioPlay":false,"sceneViewState":{"showFog":true,"showMaterialUpdate":false,"showSkybox":true,"showFlares":true,"showImageEffects":true,"showParticleSystems":true},"in2DMode":false,"pivot":{"x":242.5325469970703,"y":318.5027770996094,"z":3351.010986328125},"rotation":{"x":-0.0026891930028796198,"y":0.02068123035132885,"z":0.00008122868166537955,"w":0.9998082518577576},"size":3767.341064453125,"orthographic":false}