{"cameraMode":{"drawMode":0,"name":"Shaded","section":"Shading Mode"},"sceneLighting":true,"audioPlay":false,"sceneViewState":{"showFog":true,"showMaterialUpdate":false,"showSkybox":true,"showFlares":true,"showImageEffects":true,"showParticleSystems":true},"in2DMode":false,"pivot":{"x":638.0748291015625,"y":-19.142208099365236,"z":694.3870239257813},"rotation":{"x":0.14366000890731812,"y":-0.30879053473472597,"z":0.047248851507902148,"w":0.9390556216239929},"size":77.11515045166016,"orthographic":false}