{"cameraMode":{"drawMode":0,"name":"Shaded","section":"Shading Mode"},"sceneLighting":true,"audioPlay":false,"sceneViewState":{"showFog":true,"showMaterialUpdate":false,"showSkybox":true,"showFlares":true,"showImageEffects":true,"showParticleSystems":true},"in2DMode":false,"pivot":{"x":33.903289794921878,"y":12.993790626525879,"z":42.12603759765625},"rotation":{"x":0.060841016471385959,"y":0.2737034857273102,"z":-0.017353296279907228,"w":0.9597383737564087},"size":30.054340362548829,"orthographic":false}