{"cameraMode":{"drawMode":0,"name":"Shaded","section":"Shading Mode"},"sceneLighting":false,"audioPlay":false,"sceneViewState":{"showFog":true,"showMaterialUpdate":false,"showSkybox":false,"showFlares":true,"showImageEffects":true,"showParticleSystems":true},"in2DMode":false,"pivot":{"x":0.7756237983703613,"y":0.2924932837486267,"z":0.15029725432395936},"rotation":{"x":0.12123209238052368,"y":-0.6804175972938538,"z":0.11561115086078644,"w":0.7134613394737244},"size":2.957165002822876,"orthographic":false}