{"cameraMode":{"drawMode":0,"name":"Shaded","section":"Shading Mode"},"sceneLighting":true,"audioPlay":false,"sceneViewState":{"showFog":true,"showMaterialUpdate":false,"showSkybox":true,"showFlares":true,"showImageEffects":true,"showParticleSystems":true},"in2DMode":false,"pivot":{"x":668.8387451171875,"y":2.155383586883545,"z":648.8457641601563},"rotation":{"x":0.060841016471385959,"y":0.2737034857273102,"z":-0.017353296279907228,"w":0.9597383737564087},"size":8.939346313476563,"orthographic":false}