{"cameraMode":{"drawMode":0,"name":"Shaded","section":"Shading Mode"},"sceneLighting":true,"audioPlay":false,"sceneViewState":{"showFog":true,"showMaterialUpdate":false,"showSkybox":true,"showFlares":true,"showImageEffects":true,"showParticleSystems":true},"in2DMode":false,"pivot":{"x":214.6985626220703,"y":113.85286712646485,"z":-455.0},"rotation":{"x":0.3407357931137085,"y":0.19445104897022248,"z":-0.07266176491975784,"w":0.9171096682548523},"size":339.0946960449219,"orthographic":false}