{"cameraMode":{"drawMode":0,"name":"Shaded","section":"Shading Mode"},"sceneLighting":true,"audioPlay":false,"sceneViewState":{"showFog":true,"showMaterialUpdate":false,"showSkybox":true,"showFlares":true,"showImageEffects":true,"showParticleSystems":true},"in2DMode":false,"pivot":{"x":689.5755615234375,"y":2.7269046306610109,"z":637.072021484375},"rotation":{"x":0.06811338663101196,"y":-0.5426824688911438,"z":0.044246651232242587,"w":0.8360754251480103},"size":0.9578539729118347,"orthographic":false}